{"cameraMode":{"drawMode":0,"name":"Shaded","section":"Shading Mode"},"sceneLighting":false,"audioPlay":false,"sceneViewState":{"showFog":true,"showMaterialUpdate":false,"showSkybox":false,"showFlares":true,"showImageEffects":true,"showParticleSystems":true},"in2DMode":false,"pivot":{"x":0.019999995827674867,"y":1.5700000524520875,"z":1.809999942779541},"rotation":{"x":0.09310068935155869,"y":-0.8869579434394836,"z":0.4034534692764282,"w":0.20468349754810334},"size":0.866025447845459,"orthographic":false}